Name,Biblograhpy,headShoulders.png
Mervin Shoulders ," Nam ultrices, quam ut venenatis vehicula, metus felis placerat dui, ac tincidunt enim velit non diam. Pellentesque aliquam, nibh ac semper finibus, tellus sapien scelerisque nunc, semper pharetra dui odio quis sem. In hac habitasse platea dictumst. Mauris vel arcu ut est viverra convallis. In elementum interdum est euismod viverra. Integer ut bibendum nisl. Duis mattis molestie ex. ",headShoulders.png
Carlita Bourget ,"Lorem ipsum dolor sit amet, consectetur adipiscing elit. Nunc velit nunc, facilisis nec mattis vitae, rutrum et augue. Donec nec laoreet mauris. Duis a nunc vitae lacus iaculis vehicula eu fringilla massa.",headShoulders.png
Ariana Mayo ,"Quisque accumsan erat eu arcu fringilla euismod. Curabitur porta sit amet justo eu varius. Morbi vel blandit eros, non posuere dui. Donec mollis odio nec pulvinar porta. Cras lobortis a",headShoulders.png
Margaret Eveland ,Nulla porttitor mauris neque,headShoulders.png
Georgine Cavallaro ,Vivamus vitae sapien tellus. In gravida sed turpis at rutrum. Suspendisse justo mauris,headShoulders.png
Eusebio Munford ,Lorem ipsum dolor sit amet,headShoulders.png
Amanda Dunlop ,Vivamus at sem ornare,headShoulders.png
Shamika Nuzzo ,"Cras lobortis augue nisi, malesuada maximus orci imperdiet in. Vestibulum sollicitudin lorem sit amet orci egestas eleifend. Vivamus mollis, dui ac pellentesque varius, arcu nulla venenatis sem, sed accumsan arcu tellus sit amet diam. Nam ut turpis condimentum, porttitor quam id, mattis nunc. Etiam imperdiet ullamcorper dolor ut volutpat. Nulla fermentum tristique risus, vitae efficitur dui volutpat nec. ",headShoulders.png
Frederic Mcguire ,Nulla porttitor mauris neque,headShoulders.png
Shery Huggett ,Vivamus vitae sapien tellus. In gravida sed turpis at rutrum. Suspendisse justo mauris,headShoulders.png
Vania Cantor ,Lorem ipsum dolor sit amet,headShoulders.png
Roberta Ruck ,Vivamus at sem ornare,headShoulders.png
Jone Guido ,"Curabitur sit amet semper elit. Mauris lectus turpis, aliquam vitae lorem in, semper vehicula velit. Morbi est dui, congue vel lacus ut, auctor faucibus nisi. Class aptent taciti sociosqu ad litora torquent per conubia nostra, per inceptos himenaeos. Cras arcu odio, rhoncus vitae eros et, fermentum mattis est. Morbi quis nulla rutrum, vulputate dui id, sollicitudin diam. Nam at neque eu dui scelerisque fermentum. Donec sed laoreet erat, et pretium neque. ",headShoulders.png
Lanette Heflin ,Nulla porttitor mauris neque,headShoulders.png
Jammie Sheahan ,Vivamus vitae sapien tellus. In gravida sed turpis at rutrum. Suspendisse justo mauris,headShoulders.png
Johnsie Jimison ,Lorem ipsum dolor sit amet,headShoulders.png
Shelia Asay ,Lorem ipsum dolor sit amet,headShoulders.png
Dede Castilleja ,Lorem ipsum dolor sit amet,headShoulders.png
Raye Mckern ,Vivamus at sem ornare,headShoulders.png
Pearle Striplin ,"Curabitur sit amet semper elit. Mauris lectus turpis, aliquam vitae lorem in, semper vehicula velit. Morbi est dui, congue vel lacus ut, auctor faucibus nisi. Class aptent taciti sociosqu ad litora torquent per conubia nostra, per inceptos himenaeos. Cras arcu odio, rhoncus vitae eros et, fermentum mattis est. Morbi quis nulla rutrum, vulputate dui id, sollicitudin diam. Nam at neque eu dui scelerisque fermentum. Donec sed laoreet erat, et pretium neque. ",headShoulders.png
Cathern Leet ,Nulla porttitor mauris neque,headShoulders.png
Shirleen Krupa ,Vivamus vitae sapien tellus. In gravida sed turpis at rutrum. Suspendisse justo mauris,headShoulders.png
Leeanna Bleakley ,Lorem ipsum dolor sit amet,headShoulders.png
Aurelia Vogel ,Vivamus at sem ornare,headShoulders.png
Dorsey Cambra ,"Curabitur sit amet semper elit. Mauris lectus turpis, aliquam vitae lorem in, semper vehicula velit. Morbi est dui, congue vel lacus ut, auctor faucibus nisi. Class aptent taciti sociosqu ad litora torquent per conubia nostra, per inceptos himenaeos. Cras arcu odio, rhoncus vitae eros et, fermentum mattis est. Morbi quis nulla rutrum, vulputate dui id, sollicitudin diam. Nam at neque eu dui scelerisque fermentum. Donec sed laoreet erat, et pretium neque. ",headShoulders.png
Adam Rossman ,Nulla porttitor mauris neque,headShoulders.png
Susann Aubert ,Vivamus vitae sapien tellus. In gravida sed turpis at rutrum. Suspendisse justo mauris,headShoulders.png
Floretta Franklin ,Lorem ipsum dolor sit amet,headShoulders.png
Mariano Buckholz ,Vivamus at sem ornare,headShoulders.png
Valentin Brazile ,"Curabitur sit amet semper elit. Mauris lectus turpis, aliquam vitae lorem in, semper vehicula velit. Morbi est dui, congue vel lacus ut, auctor faucibus nisi. Class aptent taciti sociosqu ad litora torquent per conubia nostra, per inceptos himenaeos. Cras arcu odio, rhoncus vitae eros et, fermentum mattis est. Morbi quis nulla rutrum, vulputate dui id, sollicitudin diam. Nam at neque eu dui scelerisque fermentum. Donec sed laoreet erat, et pretium neque. ",headShoulders.png
Shantelle Snyder ,Nulla porttitor mauris neque,headShoulders.png
Lilli Rivers ,Vivamus vitae sapien tellus. In gravida sed turpis at rutrum. Suspendisse justo mauris,headShoulders.png
Shannan Buscher ,Lorem ipsum dolor sit amet,headShoulders.png
Wynona Edgar ,Vivamus at sem ornare,headShoulders.png
Pedro Fortner ,"Curabitur sit amet semper elit. Mauris lectus turpis, aliquam vitae lorem in, semper vehicula velit. Morbi est dui, congue vel lacus ut, auctor faucibus nisi. Class aptent taciti sociosqu ad litora torquent per conubia nostra, per inceptos himenaeos. Cras arcu odio, rhoncus vitae eros et, fermentum mattis est. Morbi quis nulla rutrum, vulputate dui id, sollicitudin diam. Nam at neque eu dui scelerisque fermentum. Donec sed laoreet erat, et pretium neque. ",headShoulders.png
Shellie Cianci ,Nulla porttitor mauris neque,headShoulders.png
Idell Cavanaugh ,Vivamus vitae sapien tellus. In gravida sed turpis at rutrum. Suspendisse justo mauris,headShoulders.png
Gussie Hiemstra ,Lorem ipsum dolor sit amet,headShoulders.png
Lucien Vandam ,Vivamus at sem ornare,headShoulders.png
Billi Steinhoff ,"Curabitur sit amet semper elit. Mauris lectus turpis, aliquam vitae lorem in, semper vehicula velit. Morbi est dui, congue vel lacus ut, auctor faucibus nisi. Class aptent taciti sociosqu ad litora torquent per conubia nostra, per inceptos himenaeos. Cras arcu odio, rhoncus vitae eros et, fermentum mattis est. Morbi quis nulla rutrum, vulputate dui id, sollicitudin diam. Nam at neque eu dui scelerisque fermentum. Donec sed laoreet erat, et pretium neque. ",headShoulders.png
Sherice Number ,Nulla porttitor mauris neque,headShoulders.png
Gema Deangelo ,Vivamus vitae sapien tellus. In gravida sed turpis at rutrum. Suspendisse justo mauris,headShoulders.png
Kendal Klawitter ,Lorem ipsum dolor sit amet,headShoulders.png
Jaleesa Rozek ,Vivamus at sem ornare,headShoulders.png
Al Delong ,Ut rutrum,headShoulders.png
Lisha Lookabaugh ,Nulla porttitor mauris neque,headShoulders.png
Fermina Maston ,Vivamus vitae sapien tellus. In gravida sed turpis at rutrum. Suspendisse justo mauris,headShoulders.png
Herlinda Ettinger ,Lorem ipsum dolor sit amet,headShoulders.png
Natalya Nuno ,Vivamus at sem ornare,headShoulders.png
Ursula Sowder ,Ut rutrum,headShoulders.png
