Name,Biblograhpy
Mervin Shoulders ,Lorem ipsum dolor sit amet
Carlita Bourget ,Vivamus at sem ornare
Ariana Mayo ,Ut rutrum
Margaret Eveland ,Nulla porttitor mauris neque
Georgine Cavallaro ,Vivamus vitae sapien tellus. In gravida sed turpis at rutrum. Suspendisse justo mauris
Eusebio Munford ,Lorem ipsum dolor sit amet
Amanda Dunlop ,Vivamus at sem ornare
Shamika Nuzzo ,Ut rutrum
Frederic Mcguire ,Nulla porttitor mauris neque
Shery Huggett ,Vivamus vitae sapien tellus. In gravida sed turpis at rutrum. Suspendisse justo mauris
Vania Cantor ,Lorem ipsum dolor sit amet
Roberta Ruck ,Vivamus at sem ornare
Jone Guido ,Ut rutrum
Lanette Heflin ,Nulla porttitor mauris neque
Jammie Sheahan ,Vivamus vitae sapien tellus. In gravida sed turpis at rutrum. Suspendisse justo mauris
Johnsie Jimison ,Lorem ipsum dolor sit amet
Shelia Asay ,Lorem ipsum dolor sit amet
Dede Castilleja ,Lorem ipsum dolor sit amet
Raye Mckern ,Vivamus at sem ornare
Pearle Striplin ,Ut rutrum
Cathern Leet ,Nulla porttitor mauris neque
Shirleen Krupa ,Vivamus vitae sapien tellus. In gravida sed turpis at rutrum. Suspendisse justo mauris
Leeanna Bleakley ,Lorem ipsum dolor sit amet
Aurelia Vogel ,Vivamus at sem ornare
Dorsey Cambra ,Ut rutrum
Adam Rossman ,Nulla porttitor mauris neque
Susann Aubert ,Vivamus vitae sapien tellus. In gravida sed turpis at rutrum. Suspendisse justo mauris
Floretta Franklin ,Lorem ipsum dolor sit amet
Mariano Buckholz ,Vivamus at sem ornare
Valentin Brazile ,Ut rutrum
Shantelle Snyder ,Nulla porttitor mauris neque
Lilli Rivers ,Vivamus vitae sapien tellus. In gravida sed turpis at rutrum. Suspendisse justo mauris
Shannan Buscher ,Lorem ipsum dolor sit amet
Wynona Edgar ,Vivamus at sem ornare
Pedro Fortner ,Ut rutrum
Shellie Cianci ,Nulla porttitor mauris neque
Idell Cavanaugh ,Vivamus vitae sapien tellus. In gravida sed turpis at rutrum. Suspendisse justo mauris
Gussie Hiemstra ,Lorem ipsum dolor sit amet
Lucien Vandam ,Vivamus at sem ornare
Billi Steinhoff ,Ut rutrum
Sherice Number ,Nulla porttitor mauris neque
Gema Deangelo ,Vivamus vitae sapien tellus. In gravida sed turpis at rutrum. Suspendisse justo mauris
Kendal Klawitter ,Lorem ipsum dolor sit amet
Jaleesa Rozek ,Vivamus at sem ornare
Al Delong ,Ut rutrum
Lisha Lookabaugh ,Nulla porttitor mauris neque
Fermina Maston ,Vivamus vitae sapien tellus. In gravida sed turpis at rutrum. Suspendisse justo mauris
Herlinda Ettinger ,Lorem ipsum dolor sit amet
Natalya Nuno ,Vivamus at sem ornare
Ursula Sowder ,Ut rutrum
